{"Test_accuracy": 0.8414999842643738, "Test_loss": 0.38000816106796265}