{
    "training_acc": [
        0.6840234398841858,
        0.851757824420929,
        0.8958593606948853,
        0.9227734208106995,
        0.9271484613418579,
        0.9413281083106995
    ],
    "validation_acc": [
        0.7903125286102295,
        0.8337500095367432,
        0.8454687595367432,
        0.8620312213897705,
        0.8435937762260437,
        0.8504687547683716
    ],
    "training_loss": [
        0.6732537746429443,
        0.3868926167488098,
        0.2953423261642456,
        0.23241151869297028,
        0.22195716202259064,
        0.18463759124279022
    ],
    "validation_loss": [
        0.49600842595100403,
        0.4063889682292938,
        0.37412846088409424,
        0.3842497766017914,
        0.40490370988845825,
        0.4011361300945282
    ]
}