{"Accuracy": 0.851375, "Precision": 0.835416175430323, "Recall": 0.8782845810609816, "F1_score": 0.8563141993957704, "Classification_report": {"0": {"precision": 0.8693801542963554, "recall": 0.8240040342914775, "f1-score": 0.846084142394822, "support": 3966.0}, "1": {"precision": 0.835416175430323, "recall": 0.8782845810609816, "f1-score": 0.8563141993957704, "support": 4034.0}, "accuracy": 0.851375, "macro avg": {"precision": 0.8523981648633392, "recall": 0.8511443076762295, "f1-score": 0.8511991708952962, "support": 8000.0}, "weighted avg": {"precision": 0.8522538179531586, "recall": 0.851375, "f1-score": 0.8512426486375503, "support": 8000.0}}, "Confusion_matrix": [[3268, 698], [491, 3543]]}