{"Accuracy": 0.814375, "Precision": 0.8107778590587662, "Recall": 0.8242439266236986, "F1_score": 0.8174554394591272, "Classification_report": {"0": {"precision": 0.8181585021800462, "recall": 0.8043368633383762, "f1-score": 0.8111888111888111, "support": 3966.0}, "1": {"precision": 0.8107778590587662, "recall": 0.8242439266236986, "f1-score": 0.8174554394591272, "support": 4034.0}, "accuracy": 0.814375, "macro avg": {"precision": 0.8144681806194062, "recall": 0.8142903949810374, "f1-score": 0.8143221253239692, "support": 8000.0}, "weighted avg": {"precision": 0.8144368128861408, "recall": 0.814375, "f1-score": 0.8143487584941181, "support": 8000.0}}, "Confusion_matrix": [[3190, 776], [709, 3325]]}