{"Accuracy": 0.86575, "Precision": 0.8627450980392157, "Recall": 0.872583044124938, "F1_score": 0.8676361843726892, "Classification_report": {"0": {"precision": 0.8688775510204082, "recall": 0.8587997982854261, "f1-score": 0.8638092822723814, "support": 3966.0}, "1": {"precision": 0.8627450980392157, "recall": 0.872583044124938, "f1-score": 0.8676361843726892, "support": 4034.0}, "accuracy": 0.86575, "macro avg": {"precision": 0.865811324529812, "recall": 0.865691421205182, "f1-score": 0.8657227333225352, "support": 8000.0}, "weighted avg": {"precision": 0.8657852616046419, "recall": 0.86575, "f1-score": 0.8657389976564616, "support": 8000.0}}, "Confusion_matrix": [[3406, 560], [514, 3520]]}