{
    "training_acc": [
        0.5103515386581421,
        0.5499609112739563,
        0.5794140696525574,
        0.8114452958106995,
        0.9019922018051147,
        0.9384765625,
        0.9623437523841858,
        0.9772265553474426
    ],
    "validation_acc": [
        0.5315625071525574,
        0.5431249737739563,
        0.5573437213897705,
        0.8385937213897705,
        0.8645312786102295,
        0.8521875143051147,
        0.8557812571525574,
        0.8500000238418579
    ],
    "training_loss": [
        0.6928209066390991,
        0.6779999732971191,
        0.6588674783706665,
        0.4234766662120819,
        0.26023390889167786,
        0.17907029390335083,
        0.11820320785045624,
        0.07449892908334732
    ],
    "validation_loss": [
        0.6895946264266968,
        0.6823421716690063,
        0.6792975068092346,
        0.37283551692962646,
        0.35250985622406006,
        0.3669567108154297,
        0.45517539978027344,
        0.5560044646263123
    ]
}