{"Test_accuracy": 0.859624981880188, "Test_loss": 0.35565030574798584}