{
    "training_acc": [
        0.5082812309265137,
        0.5326562523841858,
        0.5677734613418579,
        0.6142968535423279,
        0.7450781464576721,
        0.7948046922683716,
        0.6541406512260437,
        0.6633203029632568,
        0.8073828220367432,
        0.8161718845367432,
        0.8600780963897705,
        0.8816797137260437,
        0.9055859446525574,
        0.8953515887260437,
        0.9276953339576721
    ],
    "validation_acc": [
        0.5310937762260437,
        0.5332812666893005,
        0.5139062404632568,
        0.7878124713897705,
        0.7606250047683716,
        0.7806249856948853,
        0.5082812309265137,
        0.6223437786102295,
        0.7950000166893005,
        0.7867187261581421,
        0.8100000023841858,
        0.8149999976158142,
        0.8126562237739563,
        0.8190624713897705,
        0.8199999928474426
    ],
    "training_loss": [
        0.6946153044700623,
        0.6896304488182068,
        0.6733934283256531,
        0.6266038417816162,
        0.566405177116394,
        0.4886661171913147,
        0.6025491952896118,
        0.5713958144187927,
        0.4491601884365082,
        0.44275233149528503,
        0.34409260749816895,
        0.31070438027381897,
        0.26148638129234314,
        0.28986626863479614,
        0.21463125944137573
    ],
    "validation_loss": [
        0.6925697922706604,
        0.6870229840278625,
        0.6890808343887329,
        0.556328296661377,
        0.5786810517311096,
        0.534806489944458,
        0.6968952417373657,
        0.6600995063781738,
        0.5163795351982117,
        0.5176980495452881,
        0.4980926811695099,
        0.5247201323509216,
        0.494231641292572,
        0.5449422597885132,
        0.5372955203056335
    ]
}