{"Test_accuracy": 0.8119999766349792, "Test_loss": 0.500785768032074}